{
  "eval_loss": 12.11878490447998,
  "eval_mse": 12.11878490447998,
  "eval_rmse": 3.4812045191973398,
  "eval_pearson": 0.739376440516985,
  "eval_kendall_tau": 0.6874898833521669,
  "eval_pairwise_acc": 0.6813634505840624,
  "eval_runtime": 4.5089,
  "eval_samples_per_second": 414.96,
  "eval_steps_per_second": 6.654,
  "epoch": 6.072106261859583,
  "train_time": 846.6122,
  "trainable_params": 300176768
}